email_address	phone_number	business_name	street_address	city	state_or_province	zipcode	country
contact@schulist-crist-okuneva.com	19719235131	Schulist, Crist & Okuneva Co.	7193 South Henry St.	Jeffersonville	IN	471309727	USA
accounts@funkframi.com	18122814248	Funk & Frami Co.	1 Creekside Avenue	Grand Haven	MI	494177892	USA
contact@bergnaumandbeier.com	19755134282	Bergnaum & Beier Co.	9728 Plymouth St.	Oak Forest	IL	604525037	USA
inquiries@KleinGutkowskiDenesik.com	19076750580	Klein, Gutkowski & Denesik Co.	48 Thorne Avenue	Saint Augustine	FL	320843558	USA
inquiries@watersandsons.com	18391254115	Waters & Sons Co.	9592 Wild Rose Ave.	Lenoir	NC	286451345	USA
accounts@andersonwaltergraham.com	16227076902	Anderson, Walter & Graham Co.	7185 Cottage Ave.	Savage	MN	553786398	USA
inquiries@ratkerobertskeebler.com	12402855090	Ratke, Roberts & Keebler Co.	78 Branch Dr.	Waltham	MA	024535916	USA
accounts@schmeler-and-koch.com	15347709570	Schmeler & Koch Co.	317 Manchester Street	Glenside	PA	190382031	USA
accounts@CorwinAndHeathcote.com	17129105300	Corwin & Heathcote Co.	8078 Cleveland Ave.	Portage	IN	463682650	USA
contact@QuitzonBreitenbergAndSanford.com	19806452181	Quitzon, Breitenberg & Sanford Co.	998 Marsh Lane	Stafford	VA	225543499	USA
inquiries@spinkaandsons.com	17431841645	Spinka & Sons Co.	62 Delaware St.	Saint Charles	IL	601747677	USA
inquiries@rippin.com	14195207278	Rippin LLC	239 Paris Hill St.	Crofton	MD	211141155	USA
contact@DickinsonHodkiewiczAndTrantow.com	14244757063	Dickinson, Hodkiewicz & Trantow Co.	344 Studebaker Ave.	Glendale	AZ	853024681	USA
inquiries@BartolettiStoltenbergAndHerzog.com	16492729637	Bartoletti, Stoltenberg & Herzog Co.	205 Sunnyslope Street	Evansville	IN	477112509	USA
inquiries@GreenholtHaneEmard.com	14375593415	Greenholt, Hane & Emard Co.	964 San Juan Dr.	Huntley	IL	601427423	USA
inquiries@ZiemannMcClure.com	14688735714	Ziemann & McClure Co.	806 Ivy Ave.	Manassas	VA	201094373	USA
contact@heaney.com	16571855905	Heaney Inc	76 Lookout Lane	Winter Park	FL	327929906	USA
inquiries@DurganGroup.com	14751424875	Durgan Group	17 Cemetery Road	Bangor	ME	044019123	USA
contact@OConnellAndFisher.com	19858643540	O'Connell & Fisher Co.	8987 S. North Court	Highland	IN	463223441	USA
contact@KeelingAndSons.com	15671455949	Keeling & Sons Co.	114C Southampton Ave.	Racine	WI	534026620	USA
